optimizer,transition_s,transition_label,n_files,RMSE_mean,RMSE_std
SGD,1.0,1 s,10,0.13259375857528843,0.024964394784171975
SGD,3.0,3 s,10,0.133367208422123,0.023813590746020026
GHAM-1,1.0,1 s,10,0.12810678652354887,0.030361366180379254
GHAM-1,3.0,3 s,10,0.12810747034876294,0.03033317980337952
Adam,1.0,1 s,10,0.1455014925121631,0.03438838902514614
Adam,3.0,3 s,10,0.14750128650848532,0.03239591739889271
