optimizer,transition_s,transition_label,n_files,MRSTFT_mean,MRSTFT_std,MSD_mean,MSD_std,Spectral-Centroid_mean,Spectral-Centroid_std,RMSE_mean,RMSE_std,SI-SDR_mean,SI-SDR_std,LUFS-diff_mean,LUFS-diff_std
SGD,1.0,1 s,10,nan,nan,8.444930722477562,5.1036073681911835,nan,nan,0.13259375857528843,0.024964394784171975,-34.912300633660955,11.296465144617336,6.546218448215061,5.4030648281507565
SGD,3.0,3 s,10,nan,nan,8.435785808051111,5.108203897109162,nan,nan,0.133367208422123,0.023813590746020026,-34.110932058828084,11.29018345443662,6.727780448065864,5.3768247051073566
GHAM-1,1.0,1 s,10,nan,nan,4.782917698797956,0.8328855049601113,nan,nan,0.12810678652354887,0.030361366180379254,-36.326187390803184,6.250599661224065,8.188519096374511,4.529617159955232
GHAM-1,3.0,3 s,10,nan,nan,4.850706470924592,0.94047898894361,nan,nan,0.12810747034876294,0.03033317980337952,-36.29814388770945,6.14780706230302,8.370125198364258,4.455040632695003
Adam,1.0,1 s,10,nan,nan,4.762345889231848,0.430603365707717,nan,nan,0.1455014925121631,0.03438838902514614,-26.519845190921416,10.95094271800171,5.275991821289063,2.6829900122700217
Adam,3.0,3 s,10,nan,nan,4.750034090523186,0.49947387852328645,nan,nan,0.14750128650848532,0.03239591739889271,-24.731983590388296,7.449976995992483,5.070664978027343,3.0647122764492813
